Periodo,Albania,Alemania,Andorra,Angola,Arabia Saudí,Argelia,Argentina,Armenia,Australia,Austria,Azerbaiyán,Bahamas,Bahréin,Bangladesh,Belarús,Benin,Bolivia,Bosnia y Herzegovina,Brasil,Bulgaria,Burkina Faso,Bélgica,Camerún,Canadá,Chile,China,Chipre,Colombia,Congo,Corea,Costa Rica,Costa de Marfil,Croacia,Cuba,Dinamarca,Ecuador,Egipto,El Salvador,Emiratos Árabes Unidos,Eslovenia,Estados Unidos de América,Estonia,Fiji,Filipinas,Finlandia,Francia,Gabón,Georgia,Ghana,Gibraltar,Grecia,Guatemala,Guinea,Guinea Ecuatorial,Honduras,Hungría,India,Indonesia,Iraq,Irlanda,Irán,Islandia,Israel,Italia,Jamaica,Japón,Jordania,Kazajstán,Kenia,Kuwait,Letonia,Libia,Liechtenstein,Lituania,Luxemburgo,Líbano,Macedonia del Norte,Madagascar,Malasia,Mali,Malta,Marruecos,Mauricio,Mauritania,Moldavia,Montenegro,Mozambique,Myanmar,México,Nepal,Nicaragua,Nigeria,Noruega,Nueva Zelanda,Omán,Pakistán,Panamá,Paraguay,Países Bajos,Perú,Polonia,Portugal,Qatar,Reino Unido,República Checa,República Democrática del Congo,República Dominicana,República Eslovaca,Rumanía,Rusia,Senegal,Serbia,Singapur,Siria,Sri Lanka,Sudáfrica,Sudán,Suecia,Suiza,Tailandia,Tanzania,Trinidad y Tobago,Turquía,Túnez,Ucrania,Uganda,Uruguay,Uzbekistán,Venezuela,Vietnam
2019M07,275.0,54860.0,1438.0,67.0,3003.0,2570.0,6431.0,273.0,6668.0,10803.0,240.0,38.0,167.0,31.0,559.0,,131.0,62.0,7264.0,1792.0,,12757.0,45.0,10470.0,1546.0,12609.0,684.0,3638.0,,3673.0,147.0,258.0,935.0,,7858.0,522.0,2139.0,89.0,3396.0,566.0,87136.0,1017.0,,1624.0,3716.0,88415.0,47.0,507.0,94.0,88.0,2836.0,165.0,,76.0,133.0,3882.0,3651.0,654.0,158.0,6528.0,313.0,407.0,6608.0,55917.0,86.0,8645.0,279.0,611.0,104.0,607.0,918.0,54.0,191.0,968.0,1649.0,1267.0,231.0,,538.0,35.0,1066.0,4372.0,98.0,43.0,193.0,,61.0,,7299.0,42.0,51.0,311.0,8149.0,1374.0,148.0,395.0,272.0,141.0,32380.0,1195.0,7461.0,9710.0,1329.0,125807.0,3404.0,,112.0,1365.0,4459.0,11574.0,78.0,542.0,967.0,,81.0,693.0,40.0,13456.0,16826.0,232.0,,63.0,2483.0,1018.0,6261.0,,823.0,59.0,423.0,474.0
2019M08,296.0,60756.0,1233.0,102.0,5393.0,2623.0,7274.0,395.0,3937.0,10056.0,307.0,,226.0,,565.0,,,63.0,5072.0,1740.0,33.0,12060.0,32.0,11049.0,1301.0,11678.0,713.0,2906.0,,2846.0,103.0,105.0,1438.0,,6398.0,520.0,2018.0,98.0,3843.0,385.0,63235.0,957.0,,1274.0,2463.0,118052.0,53.0,491.0,89.0,71.0,2976.0,115.0,,79.0,106.0,3790.0,2336.0,464.0,298.0,8189.0,410.0,320.0,7406.0,79651.0,103.0,8596.0,373.0,580.0,165.0,984.0,980.0,41.0,135.0,1054.0,1912.0,1330.0,214.0,,367.0,31.0,901.0,4997.0,83.0,,200.0,,78.0,,5045.0,38.0,42.0,306.0,5309.0,771.0,116.0,293.0,188.0,160.0,39124.0,1243.0,7828.0,9576.0,1260.0,108655.0,3208.0,,79.0,1057.0,4864.0,13005.0,108.0,654.0,797.0,38.0,106.0,439.0,,12818.0,16176.0,172.0,,53.0,2078.0,1028.0,5539.0,30.0,995.0,62.0,538.0,245.0
2019M09,402.0,59933.0,1639.0,65.0,2543.0,2682.0,6261.0,258.0,5171.0,9651.0,162.0,,93.0,38.0,547.0,,141.0,157.0,5653.0,2378.0,,12014.0,,12238.0,1957.0,12348.0,421.0,3729.0,,3429.0,255.0,34.0,1479.0,,8947.0,474.0,1467.0,93.0,2355.0,1022.0,75707.0,1006.0,68.0,1807.0,3125.0,70515.0,,415.0,66.0,,2907.0,198.0,,54.0,158.0,4436.0,2812.0,666.0,194.0,7016.0,632.0,501.0,5864.0,57048.0,68.0,10673.0,281.0,490.0,144.0,363.0,1027.0,45.0,144.0,1003.0,1536.0,884.0,276.0,,516.0,67.0,1554.0,4349.0,60.0,35.0,202.0,80.0,40.0,51.0,5704.0,30.0,57.0,377.0,6022.0,1167.0,147.0,354.0,240.0,,30138.0,1181.0,9778.0,9817.0,663.0,103190.0,4117.0,,101.0,1638.0,5619.0,12112.0,116.0,781.0,966.0,,83.0,742.0,,11464.0,15416.0,789.0,,35.0,2182.0,581.0,4761.0,31.0,939.0,65.0,795.0,272.0
2019M10,449.0,68452.0,1980.0,67.0,2015.0,2377.0,5569.0,195.0,4237.0,8929.0,115.0,,82.0,,508.0,,,71.0,6174.0,2470.0,,14657.0,,6128.0,1577.0,15529.0,457.0,3851.0,,3677.0,277.0,30.0,1814.0,,9764.0,470.0,1376.0,119.0,2283.0,1105.0,63376.0,1101.0,,2197.0,3997.0,73320.0,,444.0,85.0,44.0,4146.0,308.0,,62.0,158.0,6113.0,2733.0,847.0,204.0,4563.0,359.0,598.0,6970.0,52205.0,57.0,12398.0,216.0,538.0,272.0,422.0,1355.0,46.0,198.0,1340.0,1438.0,545.0,380.0,,723.0,48.0,1009.0,4299.0,57.0,61.0,239.0,132.0,39.0,48.0,5627.0,,102.0,392.0,7353.0,846.0,129.0,359.0,231.0,184.0,38408.0,1531.0,11136.0,9933.0,1187.0,95461.0,5471.0,,101.0,1532.0,6048.0,11152.0,110.0,836.0,1217.0,,134.0,584.0,36.0,12167.0,19310.0,980.0,,41.0,2751.0,685.0,6329.0,40.0,777.0,70.0,541.0,264.0
2019M11,518.0,49805.0,2609.0,54.0,1804.0,2070.0,3667.0,97.0,1745.0,6864.0,156.0,,95.0,,502.0,,,63.0,5910.0,3005.0,,13477.0,,2859.0,1205.0,9153.0,418.0,2705.0,,3626.0,182.0,34.0,1349.0,,7278.0,318.0,959.0,124.0,2374.0,926.0,44561.0,931.0,,1805.0,2903.0,71604.0,,368.0,76.0,,5170.0,415.0,,38.0,173.0,4855.0,2952.0,910.0,93.0,4258.0,240.0,365.0,6283.0,48614.0,39.0,8242.0,132.0,446.0,115.0,402.0,1353.0,32.0,149.0,1324.0,1610.0,322.0,274.0,,668.0,36.0,997.0,4405.0,62.0,34.0,291.0,136.0,,48.0,4156.0,34.0,71.0,263.0,4831.0,388.0,199.0,295.0,305.0,142.0,33350.0,1027.0,10346.0,9715.0,1122.0,60326.0,7920.0,,89.0,1479.0,4936.0,10389.0,107.0,657.0,1202.0,,62.0,404.0,,10885.0,12845.0,880.0,,,3161.0,655.0,5046.0,,451.0,,486.0,166.0
2019M12,508.0,35533.0,2437.0,40.0,1095.0,2485.0,2433.0,68.0,1288.0,5012.0,101.0,,112.0,,382.0,,,116.0,3814.0,1947.0,,9440.0,,1490.0,717.0,8694.0,346.0,2580.0,,4182.0,172.0,30.0,927.0,,4176.0,308.0,911.0,108.0,2389.0,577.0,29396.0,653.0,,1165.0,2473.0,55108.0,,342.0,80.0,34.0,4834.0,389.0,,47.0,175.0,2993.0,2522.0,787.0,138.0,3532.0,175.0,202.0,6423.0,48270.0,,7727.0,130.0,347.0,98.0,540.0,1017.0,43.0,169.0,1072.0,1671.0,215.0,266.0,,960.0,43.0,878.0,4426.0,52.0,52.0,171.0,101.0,34.0,37.0,3960.0,,74.0,211.0,2293.0,272.0,104.0,398.0,154.0,154.0,25793.0,916.0,7872.0,7871.0,1018.0,42651.0,2334.0,,72.0,904.0,3467.0,7355.0,161.0,459.0,1625.0,,78.0,308.0,35.0,7555.0,10022.0,679.0,,,2134.0,1001.0,3654.0,,292.0,,590.0,161.0
2020M01,309.0,42536.0,2149.0,64.0,1725.0,3513.0,3729.0,127.0,1946.0,4795.0,132.0,,80.0,,406.0,,,69.0,6848.0,1795.0,,10615.0,,1287.0,875.0,10396.0,290.0,2907.0,,6023.0,217.0,,1039.0,,4421.0,331.0,1387.0,99.0,2046.0,474.0,28569.0,683.0,,1183.0,1873.0,74509.0,,327.0,54.0,46.0,3677.0,195.0,,65.0,165.0,3084.0,2033.0,709.0,103.0,4361.0,193.0,209.0,4115.0,56989.0,,7108.0,100.0,378.0,60.0,749.0,865.0,,186.0,967.0,1642.0,291.0,275.0,,404.0,44.0,842.0,5620.0,36.0,47.0,189.0,142.0,,,4224.0,41.0,73.0,147.0,2090.0,,97.0,410.0,231.0,177.0,31673.0,1135.0,8907.0,8708.0,823.0,48933.0,2642.0,,118.0,974.0,4252.0,8588.0,151.0,627.0,807.0,,63.0,284.0,,8009.0,11237.0,707.0,,,2667.0,1215.0,4056.0,,431.0,,661.0,203.0
2020M02,342.0,40928.0,2482.0,62.0,1033.0,2394.0,4089.0,75.0,889.0,5230.0,108.0,,63.0,,419.0,,,67.0,4087.0,2455.0,,11412.0,35.0,1324.0,1587.0,10749.0,354.0,1798.0,,4773.0,112.0,38.0,654.0,,5001.0,299.0,1659.0,93.0,1727.0,638.0,23579.0,641.0,,726.0,2223.0,68348.0,,372.0,60.0,,3502.0,184.0,,63.0,134.0,3677.0,1936.0,409.0,76.0,4135.0,161.0,221.0,3683.0,43618.0,,6705.0,132.0,333.0,77.0,484.0,868.0,44.0,305.0,1100.0,1713.0,246.0,236.0,,342.0,33.0,937.0,4059.0,,34.0,211.0,159.0,,,3267.0,,65.0,220.0,2558.0,137.0,88.0,325.0,247.0,181.0,29196.0,1231.0,10516.0,9766.0,819.0,56131.0,3228.0,,77.0,1149.0,4634.0,9199.0,137.0,638.0,611.0,,61.0,277.0,,8085.0,10905.0,643.0,,,1894.0,813.0,4000.0,,577.0,,370.0,157.0
2020M03,183.0,28339.0,1819.0,,482.0,1168.0,2759.0,59.0,519.0,2205.0,41.0,,,,225.0,,,33.0,2169.0,1467.0,,6617.0,33.0,997.0,735.0,3256.0,198.0,1288.0,,735.0,55.0,,359.0,,3413.0,257.0,582.0,59.0,946.0,227.0,19791.0,447.0,,714.0,1417.0,40133.0,,220.0,57.0,,2102.0,117.0,,33.0,127.0,2073.0,1023.0,344.0,43.0,2558.0,101.0,221.0,848.0,18600.0,48.0,1902.0,31.0,242.0,52.0,259.0,634.0,,262.0,612.0,944.0,167.0,112.0,,138.0,38.0,445.0,1712.0,,,127.0,73.0,,,2542.0,,39.0,123.0,2711.0,,64.0,284.0,107.0,126.0,22420.0,732.0,5071.0,4320.0,380.0,34612.0,1714.0,,65.0,499.0,2713.0,5738.0,73.0,220.0,196.0,,36.0,116.0,,6272.0,4418.0,324.0,,,826.0,261.0,2637.0,,298.0,,240.0,82.0
2020M04,,2800.0,278.0,,58.0,128.0,600.0,,71.0,136.0,,,,,35.0,,30.0,,297.0,272.0,,621.0,,42.0,185.0,1440.0,42.0,425.0,,40.0,,,65.0,,566.0,94.0,72.0,,104.0,42.0,1412.0,104.0,,364.0,106.0,4208.0,,82.0,,,221.0,,,,103.0,155.0,436.0,47.0,,312.0,41.0,,73.0,2640.0,,104.0,,73.0,,,143.0,,92.0,103.0,266.0,53.0,,,,,102.0,266.0,,,47.0,,,,449.0,,,58.0,227.0,,,166.0,,62.0,4393.0,236.0,619.0,359.0,,2429.0,139.0,,41.0,51.0,437.0,997.0,37.0,44.0,32.0,,,,,1361.0,440.0,46.0,,,210.0,,329.0,,97.0,,194.0,
2020M05,,3006.0,377.0,,40.0,139.0,632.0,,102.0,231.0,,,,,,,,,288.0,370.0,,771.0,,45.0,165.0,1571.0,,366.0,,,,,97.0,,648.0,82.0,56.0,,117.0,,1617.0,76.0,,319.0,108.0,4142.0,,63.0,,,243.0,,,,105.0,177.0,457.0,56.0,,347.0,38.0,,69.0,2905.0,,111.0,,65.0,,,142.0,,178.0,83.0,271.0,56.0,,,36.0,,72.0,359.0,,,32.0,,,,521.0,,,78.0,141.0,,,191.0,31.0,,5455.0,182.0,872.0,445.0,,3133.0,134.0,,34.0,59.0,495.0,942.0,,68.0,,,,44.0,,1543.0,340.0,88.0,,,214.0,,306.0,,107.0,,323.0,34.0
2020M06,,4233.0,912.0,,32.0,133.0,524.0,,78.0,321.0,,,,,51.0,,33.0,,242.0,371.0,,1101.0,,43.0,155.0,1732.0,,429.0,,,,,86.0,,817.0,91.0,60.0,,147.0,,1578.0,84.0,,338.0,120.0,9276.0,,47.0,,,261.0,,,,86.0,153.0,387.0,36.0,,330.0,55.0,30.0,46.0,3906.0,,139.0,,55.0,,,190.0,,229.0,157.0,515.0,34.0,,,,,62.0,392.0,,,,,,,418.0,,,64.0,151.0,,,177.0,33.0,60.0,7753.0,166.0,895.0,515.0,,3752.0,155.0,,34.0,77.0,458.0,795.0,,64.0,34.0,,,,,2120.0,588.0,35.0,,,202.0,47.0,270.0,,89.0,,309.0,
2020M07,43.0,13375.0,1545.0,,62.0,172.0,515.0,,99.0,1507.0,,,,,43.0,,,,341.0,575.0,,3488.0,,88.0,171.0,2318.0,66.0,435.0,,34.0,,,131.0,,1644.0,101.0,99.0,,326.0,103.0,2429.0,191.0,,340.0,235.0,37157.0,,72.0,,,478.0,,,,48.0,711.0,400.0,46.0,,677.0,50.0,45.0,117.0,11397.0,,66.0,,71.0,,,365.0,,330.0,291.0,965.0,40.0,,,42.0,,133.0,935.0,,,47.0,,,,484.0,,,56.0,414.0,,,203.0,42.0,51.0,12104.0,214.0,3918.0,1348.0,,11966.0,772.0,,31.0,123.0,995.0,882.0,49.0,81.0,77.0,,,37.0,,4249.0,3724.0,65.0,,,204.0,68.0,394.0,,97.0,,187.0,30.0
2020M08,63.0,10060.0,1007.0,,36.0,277.0,428.0,,,934.0,,,,,52.0,,35.0,,356.0,707.0,,2466.0,,139.0,165.0,2107.0,45.0,352.0,,,,,131.0,,1110.0,105.0,113.0,,590.0,81.0,2266.0,114.0,,401.0,169.0,30430.0,,58.0,,,409.0,,,,,424.0,427.0,33.0,,593.0,59.0,35.0,85.0,8879.0,,98.0,,49.0,,,372.0,,226.0,149.0,821.0,46.0,,,45.0,,136.0,775.0,,,71.0,,,,447.0,,,55.0,245.0,,,287.0,30.0,,9906.0,183.0,4104.0,1314.0,186.0,8744.0,842.0,,,185.0,1155.0,789.0,45.0,64.0,53.0,,,,,3368.0,1861.0,49.0,,,216.0,85.0,407.0,,142.0,,134.0,
2020M09,79.0,6805.0,1345.0,,47.0,265.0,500.0,,80.0,736.0,,,,,54.0,,,,388.0,827.0,,1978.0,,144.0,172.0,1750.0,49.0,346.0,,42.0,,,162.0,,1277.0,133.0,122.0,,354.0,69.0,2217.0,161.0,,360.0,143.0,23343.0,,96.0,,,281.0,,,,,198.0,401.0,42.0,,608.0,60.0,53.0,113.0,6734.0,,108.0,,67.0,,,407.0,,303.0,150.0,848.0,65.0,,,,,130.0,726.0,,,61.0,,,,494.0,,,52.0,235.0,,,242.0,34.0,33.0,10268.0,166.0,1895.0,1377.0,125.0,9143.0,418.0,,,104.0,870.0,843.0,63.0,59.0,82.0,,,,,3519.0,799.0,45.0,,,235.0,57.0,312.0,,155.0,,248.0,
2020M10,105.0,6515.0,1547.0,,56.0,218.0,532.0,,75.0,916.0,,,,,56.0,,50.0,,392.0,715.0,,2030.0,,102.0,193.0,1809.0,63.0,361.0,,35.0,,,185.0,,1552.0,117.0,116.0,,355.0,106.0,2499.0,154.0,,328.0,189.0,22551.0,,92.0,,,347.0,,,,,299.0,452.0,47.0,,564.0,72.0,69.0,138.0,6654.0,,83.0,,48.0,,44.0,483.0,,274.0,183.0,825.0,85.0,,,39.0,,145.0,800.0,,,38.0,,,,555.0,,,75.0,235.0,,,228.0,38.0,46.0,11753.0,175.0,2341.0,1206.0,140.0,6769.0,335.0,,31.0,88.0,759.0,941.0,44.0,76.0,75.0,,,44.0,,3705.0,863.0,58.0,,,274.0,48.0,398.0,,128.0,,127.0,
2020M11,82.0,5107.0,855.0,,48.0,260.0,467.0,,,570.0,,,,,38.0,,41.0,,342.0,436.0,,1727.0,,68.0,176.0,1620.0,40.0,374.0,,32.0,,,118.0,,1431.0,118.0,107.0,,372.0,81.0,2107.0,135.0,,398.0,173.0,10317.0,,67.0,,,304.0,,,,,169.0,484.0,30.0,,448.0,63.0,62.0,75.0,4627.0,,132.0,,64.0,,33.0,356.0,,314.0,157.0,659.0,61.0,,,35.0,,112.0,600.0,,,30.0,,,,451.0,,,59.0,218.0,,,217.0,37.0,43.0,8757.0,152.0,1308.0,829.0,68.0,4961.0,235.0,,,83.0,577.0,798.0,72.0,63.0,55.0,,,,,2229.0,831.0,41.0,,,278.0,,394.0,,92.0,,205.0,
2020M12,67.0,6411.0,1205.0,,49.0,226.0,503.0,,,984.0,,,,,57.0,,,,324.0,443.0,,2181.0,,84.0,209.0,1616.0,48.0,337.0,,40.0,,,163.0,,1890.0,112.0,94.0,,463.0,107.0,2724.0,115.0,,384.0,142.0,17278.0,,85.0,,,379.0,30.0,,,,199.0,496.0,50.0,,592.0,82.0,35.0,108.0,5803.0,,108.0,,89.0,,33.0,420.0,,202.0,190.0,754.0,68.0,,,33.0,,103.0,665.0,,,34.0,,,,536.0,,,59.0,297.0,,,212.0,54.0,46.0,10480.0,136.0,1418.0,1107.0,77.0,6198.0,304.0,,33.0,80.0,652.0,991.0,57.0,60.0,65.0,,,40.0,,2443.0,1416.0,61.0,,,295.0,60.0,357.0,,80.0,,187.0,
2021M01,66.0,4721.0,1045.0,,46.0,164.0,493.0,,,616.0,,,,,30.0,,,,317.0,464.0,,1518.0,35.0,86.0,164.0,1583.0,42.0,379.0,,44.0,,,133.0,,1518.0,90.0,83.0,,312.0,52.0,1866.0,111.0,,327.0,172.0,13408.0,,61.0,,,258.0,,,,,186.0,479.0,63.0,,455.0,80.0,37.0,109.0,3855.0,,70.0,,76.0,,47.0,269.0,,130.0,179.0,592.0,65.0,,,,,98.0,572.0,,,35.0,,,,597.0,,,81.0,232.0,,,160.0,46.0,48.0,6843.0,144.0,1048.0,734.0,64.0,3818.0,255.0,,33.0,82.0,596.0,996.0,44.0,57.0,71.0,,,31.0,,1726.0,1230.0,41.0,,,204.0,35.0,322.0,,79.0,,174.0,
2021M02,59.0,3989.0,1104.0,,50.0,143.0,454.0,,49.0,660.0,,,,,37.0,,39.0,,251.0,404.0,,1211.0,,58.0,145.0,1321.0,48.0,341.0,,,,,139.0,,2490.0,85.0,94.0,,311.0,112.0,1750.0,97.0,,298.0,138.0,11511.0,,74.0,,,263.0,,,,,196.0,474.0,43.0,,384.0,56.0,,88.0,4437.0,,64.0,,70.0,,42.0,277.0,,107.0,128.0,518.0,61.0,,,32.0,,101.0,498.0,,,,,,,419.0,,,59.0,160.0,,,166.0,36.0,50.0,7286.0,88.0,969.0,614.0,81.0,3356.0,172.0,,,57.0,606.0,1001.0,47.0,53.0,81.0,,,,,1791.0,660.0,35.0,,,283.0,38.0,330.0,,75.0,,189.0,
2021M03,92.0,4816.0,1386.0,,56.0,160.0,640.0,,,1081.0,,,,,63.0,,,,294.0,391.0,,1442.0,,61.0,149.0,1607.0,51.0,307.0,,50.0,,,159.0,,2859.0,100.0,130.0,,405.0,115.0,1904.0,153.0,,440.0,158.0,16263.0,,74.0,,,309.0,31.0,,,,202.0,569.0,60.0,,457.0,69.0,48.0,120.0,4653.0,,72.0,,75.0,35.0,32.0,293.0,,199.0,176.0,674.0,52.0,,,,,146.0,518.0,,,43.0,,,,546.0,,,76.0,177.0,,,242.0,33.0,39.0,9489.0,121.0,1258.0,748.0,86.0,3969.0,305.0,,,97.0,722.0,1149.0,81.0,72.0,90.0,,,,,2157.0,969.0,47.0,,,300.0,51.0,419.0,,99.0,,100.0,
2021M04,102.0,5959.0,1549.0,,54.0,150.0,687.0,,,1148.0,,,,,48.0,,,,272.0,390.0,,1732.0,,72.0,178.0,1592.0,75.0,295.0,,35.0,,,220.0,,1982.0,113.0,138.0,,437.0,83.0,2410.0,194.0,,335.0,222.0,18298.0,,82.0,,,365.0,33.0,,,,278.0,505.0,44.0,,473.0,73.0,48.0,191.0,5009.0,,63.0,,69.0,,43.0,387.0,,177.0,191.0,735.0,64.0,,,36.0,,162.0,308.0,,,39.0,,,,523.0,,,79.0,201.0,,,217.0,35.0,,8606.0,108.0,1313.0,1007.0,73.0,4101.0,396.0,,36.0,87.0,1314.0,945.0,45.0,95.0,85.0,,,36.0,,2221.0,2771.0,,,,251.0,54.0,311.0,,80.0,,177.0,
2021M05,137.0,8081.0,1826.0,,82.0,212.0,769.0,,60.0,1875.0,,,,,82.0,,45.0,,269.0,481.0,,2746.0,,80.0,157.0,1997.0,90.0,280.0,,31.0,,,262.0,,2401.0,97.0,158.0,,452.0,155.0,2515.0,200.0,,363.0,221.0,47590.0,,75.0,,,528.0,,,,31.0,332.0,497.0,58.0,,559.0,75.0,35.0,198.0,6832.0,,73.0,,57.0,,43.0,391.0,,246.0,284.0,847.0,74.0,,,32.0,,203.0,299.0,,,53.0,,,,614.0,,,73.0,293.0,,,189.0,46.0,,10796.0,131.0,2451.0,1401.0,98.0,4749.0,960.0,,37.0,171.0,1862.0,987.0,78.0,108.0,77.0,,,48.0,,2767.0,3658.0,50.0,,,382.0,53.0,394.0,,82.0,,101.0,
2021M06,191.0,14633.0,1721.0,,159.0,270.0,1022.0,,56.0,2920.0,,,,,52.0,,48.0,,377.0,1068.0,,4612.0,41.0,125.0,205.0,2244.0,127.0,453.0,,121.0,,,294.0,,2997.0,144.0,243.0,,765.0,287.0,6850.0,319.0,,448.0,344.0,48905.0,,99.0,50.0,,818.0,59.0,,,,964.0,531.0,68.0,,943.0,68.0,76.0,708.0,12987.0,,62.0,,90.0,40.0,75.0,795.0,,307.0,519.0,1065.0,94.0,,,41.0,33.0,360.0,486.0,,,62.0,,,,994.0,,,80.0,338.0,,,210.0,61.0,,12680.0,213.0,4014.0,2598.0,163.0,6944.0,1476.0,,34.0,535.0,3529.0,1208.0,89.0,166.0,50.0,,,42.0,,3767.0,3808.0,43.0,,,394.0,67.0,444.0,,152.0,,141.0,
2021M07,266.0,25313.0,1416.0,,711.0,381.0,1353.0,,98.0,6057.0,,,40.0,,84.0,,,51.0,483.0,1345.0,,8698.0,40.0,328.0,340.0,2239.0,277.0,986.0,,76.0,33.0,33.0,475.0,,6645.0,138.0,418.0,42.0,2155.0,473.0,19525.0,562.0,,638.0,526.0,62143.0,,131.0,58.0,33.0,1403.0,102.0,,,45.0,2163.0,583.0,143.0,69.0,1739.0,76.0,228.0,1452.0,28315.0,,151.0,78.0,115.0,46.0,184.0,1081.0,,354.0,691.0,1274.0,184.0,115.0,,48.0,,633.0,819.0,,,111.0,35.0,,,1931.0,,,101.0,888.0,,120.0,292.0,79.0,86.0,15134.0,413.0,7007.0,3648.0,603.0,10260.0,2521.0,,106.0,1138.0,4094.0,1390.0,79.0,437.0,76.0,,,67.0,,5993.0,9966.0,76.0,,,489.0,165.0,886.0,,271.0,,249.0,36.0
2021M08,591.0,25415.0,1053.0,44.0,1032.0,799.0,1481.0,145.0,85.0,5986.0,,,32.0,,89.0,,65.0,54.0,523.0,683.0,,10081.0,33.0,615.0,564.0,1886.0,290.0,816.0,,76.0,46.0,,570.0,,6284.0,207.0,308.0,49.0,1580.0,425.0,21232.0,471.0,,1290.0,480.0,88733.0,,194.0,62.0,,1730.0,98.0,,,54.0,2264.0,902.0,301.0,36.0,3889.0,85.0,277.0,284.0,31029.0,,204.0,72.0,93.0,58.0,338.0,1116.0,,515.0,603.0,1574.0,200.0,164.0,,50.0,,679.0,1605.0,52.0,44.0,153.0,75.0,,,2001.0,,,95.0,728.0,,120.0,374.0,85.0,87.0,21035.0,610.0,8406.0,5480.0,596.0,17169.0,2966.0,,90.0,1179.0,3596.0,1365.0,111.0,673.0,80.0,,,59.0,,7436.0,11085.0,74.0,,,581.0,189.0,2404.0,,462.0,,210.0,37.0
2021M09,535.0,32024.0,1905.0,54.0,1372.0,805.0,1671.0,273.0,105.0,5426.0,35.0,,35.0,,108.0,,,60.0,897.0,824.0,,10082.0,,973.0,926.0,2023.0,301.0,1313.0,,137.0,86.0,178.0,564.0,,6300.0,255.0,533.0,80.0,1236.0,500.0,20357.0,493.0,,2579.0,1108.0,54203.0,,231.0,68.0,,1458.0,127.0,,,73.0,1602.0,1127.0,355.0,45.0,4576.0,121.0,285.0,1768.0,28530.0,,204.0,122.0,120.0,79.0,494.0,1084.0,,479.0,620.0,1262.0,280.0,109.0,,65.0,,1108.0,1520.0,45.0,,195.0,94.0,,,2643.0,,34.0,153.0,1081.0,,205.0,434.0,138.0,118.0,17158.0,755.0,7387.0,6908.0,481.0,27878.0,2453.0,,143.0,1019.0,3783.0,1656.0,128.0,513.0,128.0,,,90.0,,6680.0,8267.0,124.0,,,844.0,229.0,3599.0,,575.0,,219.0,69.0
2021M10,521.0,39266.0,2618.0,36.0,1560.0,901.0,2220.0,113.0,145.0,5627.0,57.0,,80.0,,107.0,,,,2210.0,1134.0,,8506.0,33.0,1130.0,1056.0,2428.0,264.0,2344.0,,213.0,123.0,109.0,680.0,,9452.0,346.0,670.0,140.0,1580.0,549.0,23235.0,599.0,,2483.0,2876.0,54343.0,,285.0,77.0,65.0,2814.0,199.0,,,126.0,1967.0,1701.0,389.0,41.0,4518.0,134.0,417.0,2672.0,34066.0,31.0,248.0,146.0,146.0,105.0,605.0,1177.0,,448.0,825.0,1241.0,231.0,109.0,,69.0,35.0,840.0,2610.0,68.0,58.0,247.0,168.0,,,3149.0,35.0,36.0,179.0,2652.0,45.0,114.0,466.0,172.0,153.0,22777.0,1100.0,8321.0,6804.0,557.0,36876.0,2294.0,,158.0,598.0,4540.0,1925.0,134.0,370.0,132.0,,,116.0,,7683.0,12476.0,123.0,,,1019.0,295.0,5020.0,,643.0,,231.0,67.0
2021M11,556.0,30375.0,3057.0,,1216.0,1142.0,2042.0,78.0,171.0,3981.0,57.0,,81.0,,117.0,,,53.0,2834.0,1071.0,,10697.0,,844.0,726.0,2496.0,264.0,2371.0,,451.0,81.0,,735.0,,4934.0,271.0,844.0,103.0,1477.0,488.0,20678.0,985.0,,2340.0,2138.0,67377.0,,385.0,78.0,,2898.0,180.0,,,180.0,2010.0,1596.0,1065.0,37.0,3821.0,141.0,132.0,3121.0,35656.0,,322.0,82.0,165.0,87.0,436.0,1220.0,,440.0,1092.0,1530.0,217.0,170.0,,117.0,,812.0,2668.0,72.0,38.0,239.0,202.0,34.0,,3086.0,,36.0,122.0,2041.0,44.0,132.0,391.0,221.0,129.0,18602.0,939.0,8241.0,9863.0,468.0,25958.0,2745.0,,108.0,622.0,3775.0,2005.0,118.0,412.0,438.0,,37.0,159.0,,8904.0,8730.0,132.0,,,1344.0,287.0,4562.0,,390.0,,406.0,49.0
2021M12,477.0,19881.0,2379.0,,1128.0,1196.0,1860.0,118.0,193.0,3321.0,71.0,,100.0,,108.0,,,,1846.0,1026.0,,5436.0,,616.0,618.0,3230.0,214.0,2110.0,,403.0,87.0,,398.0,,2976.0,225.0,673.0,100.0,1822.0,414.0,14342.0,565.0,,1227.0,1181.0,44499.0,,381.0,55.0,33.0,2246.0,247.0,,,186.0,1191.0,1254.0,434.0,46.0,2114.0,163.0,130.0,2461.0,24725.0,,294.0,92.0,177.0,81.0,374.0,935.0,,414.0,549.0,1061.0,209.0,72.0,,154.0,,867.0,820.0,,,165.0,219.0,,,3009.0,,40.0,106.0,1176.0,,106.0,366.0,153.0,131.0,16726.0,956.0,5557.0,5404.0,540.0,14489.0,1485.0,,108.0,330.0,2722.0,1902.0,115.0,423.0,885.0,,39.0,59.0,,5012.0,5256.0,182.0,,,1022.0,267.0,2844.0,,245.0,,547.0,68.0
2022M01,450.0,19877.0,1660.0,,535.0,1476.0,1329.0,138.0,240.0,1544.0,,,33.0,,151.0,,,,3348.0,980.0,,6229.0,,955.0,798.0,1714.0,137.0,2736.0,,499.0,101.0,,396.0,,2842.0,310.0,533.0,60.0,989.0,217.0,14342.0,565.0,,874.0,803.0,41421.0,,377.0,35.0,45.0,1362.0,80.0,,,53.0,1373.0,1025.0,312.0,45.0,2842.0,178.0,95.0,384.0,19933.0,,149.0,74.0,200.0,52.0,222.0,844.0,,271.0,689.0,1205.0,191.0,147.0,,97.0,41.0,326.0,701.0,,34.0,200.0,235.0,,,4173.0,,50.0,71.0,1039.0,,,371.0,215.0,153.0,17575.0,852.0,6669.0,3755.0,325.0,14291.0,1667.0,,164.0,416.0,2830.0,1197.0,108.0,377.0,611.0,,,54.0,,4739.0,5583.0,149.0,,,790.0,399.0,4126.0,,276.0,,363.0,75.0
2022M02,555.0,19268.0,1848.0,,354.0,1446.0,1305.0,100.0,174.0,1283.0,,,,,95.0,,,,1881.0,1317.0,,7245.0,,884.0,947.0,1685.0,234.0,1687.0,,647.0,52.0,,342.0,,3074.0,168.0,592.0,70.0,835.0,404.0,16011.0,509.0,,741.0,1176.0,56304.0,,331.0,33.0,32.0,1585.0,,,,49.0,1858.0,916.0,232.0,,4736.0,162.0,114.0,1114.0,21142.0,,306.0,45.0,144.0,52.0,250.0,880.0,,242.0,723.0,1423.0,173.0,39.0,,58.0,,529.0,1382.0,,,253.0,171.0,,,2433.0,,40.0,64.0,1337.0,,37.0,314.0,167.0,114.0,15969.0,893.0,8743.0,5031.0,279.0,27648.0,2111.0,,42.0,536.0,2390.0,944.0,98.0,344.0,257.0,,,60.0,,4460.0,8856.0,79.0,,,855.0,336.0,4493.0,,197.0,,294.0,72.0
2022M03,843.0,35155.0,2158.0,,1085.0,1765.0,2209.0,146.0,365.0,2052.0,70.0,,88.0,,149.0,,,72.0,2951.0,2011.0,,9923.0,,3335.0,778.0,2822.0,314.0,2369.0,,788.0,99.0,,567.0,,5821.0,283.0,821.0,61.0,1807.0,462.0,39802.0,778.0,,1234.0,2177.0,61241.0,,398.0,64.0,30.0,3733.0,73.0,,,138.0,3604.0,1826.0,431.0,88.0,6946.0,375.0,172.0,2594.0,35330.0,,523.0,75.0,235.0,98.0,508.0,1155.0,34.0,497.0,872.0,1449.0,242.0,58.0,,199.0,60.0,649.0,2698.0,30.0,35.0,144.0,216.0,,,5674.0,,31.0,140.0,2334.0,,103.0,473.0,171.0,139.0,21961.0,942.0,10791.0,7346.0,402.0,39863.0,2985.0,,102.0,869.0,4426.0,1102.0,139.0,537.0,563.0,,49.0,224.0,51.0,6923.0,11128.0,149.0,,,2014.0,628.0,,32.0,255.0,34.0,260.0,79.0
2022M04,598.0,60947.0,2122.0,,234.0,782.0,3226.0,96.0,620.0,6535.0,30.0,,,,127.0,,,45.0,3274.0,2706.0,,16342.0,,3323.0,945.0,3792.0,454.0,3649.0,,584.0,157.0,,988.0,,9449.0,342.0,303.0,101.0,1307.0,608.0,42630.0,871.0,,1784.0,2914.0,77307.0,,277.0,42.0,56.0,2752.0,120.0,,,145.0,3362.0,1957.0,700.0,,11779.0,293.0,500.0,3661.0,47708.0,,711.0,50.0,246.0,83.0,112.0,1463.0,,608.0,1297.0,1932.0,206.0,99.0,,135.0,,640.0,1264.0,43.0,41.0,193.0,177.0,,46.0,8522.0,35.0,45.0,103.0,6073.0,,40.0,399.0,158.0,151.0,23114.0,994.0,11222.0,9246.0,195.0,80036.0,3253.0,,170.0,1213.0,6537.0,975.0,90.0,809.0,560.0,,57.0,250.0,,10187.0,20712.0,278.0,,,1588.0,288.0,,,368.0,,308.0,82.0
2022M05,908.0,47605.0,2077.0,,1642.0,1323.0,4527.0,132.0,1144.0,6908.0,55.0,,109.0,,197.0,,,107.0,4461.0,3180.0,,14229.0,,8872.0,1610.0,3009.0,430.0,3716.0,,1161.0,166.0,,1110.0,,9561.0,459.0,791.0,82.0,2106.0,1222.0,63958.0,1139.0,,2755.0,3740.0,89935.0,,459.0,78.0,76.0,3425.0,112.0,,,106.0,4310.0,2978.0,1201.0,69.0,12608.0,222.0,512.0,4484.0,49514.0,43.0,937.0,157.0,343.0,123.0,449.0,1803.0,,475.0,1539.0,1732.0,292.0,158.0,,201.0,39.0,861.0,3245.0,64.0,47.0,169.0,236.0,38.0,35.0,7396.0,32.0,56.0,151.0,7087.0,134.0,91.0,474.0,251.0,236.0,34169.0,1202.0,14692.0,8951.0,575.0,92938.0,4199.0,,163.0,1763.0,6786.0,1146.0,117.0,1229.0,884.0,,71.0,416.0,,13026.0,16918.0,262.0,,,2766.0,574.0,,35.0,413.0,41.0,283.0,111.0
2022M06,573.0,46238.0,1859.0,,967.0,1436.0,4578.0,178.0,1773.0,9793.0,58.0,,49.0,,194.0,,,77.0,4887.0,2417.0,,14178.0,,8516.0,1560.0,3524.0,444.0,4341.0,,1022.0,165.0,,1050.0,,6222.0,395.0,1044.0,86.0,1460.0,557.0,96576.0,860.0,,2953.0,2982.0,58141.0,,524.0,94.0,51.0,2956.0,158.0,,,111.0,3247.0,3030.0,1212.0,46.0,16762.0,315.0,488.0,3841.0,46736.0,,1217.0,89.0,520.0,101.0,406.0,1114.0,,340.0,1037.0,1565.0,328.0,136.0,,194.0,47.0,921.0,2270.0,90.0,36.0,199.0,138.0,,48.0,6121.0,,64.0,160.0,5987.0,264.0,92.0,537.0,245.0,203.0,25622.0,1568.0,11763.0,8471.0,357.0,103967.0,2715.0,,172.0,1029.0,4582.0,1268.0,110.0,870.0,871.0,,47.0,439.0,,10285.0,15735.0,352.0,,,2148.0,575.0,,33.0,504.0,42.0,313.0,150.0
2022M07,446.0,41310.0,1643.0,61.0,3167.0,1258.0,5283.0,330.0,2881.0,10776.0,121.0,,191.0,44.0,236.0,,,58.0,6189.0,1911.0,,14754.0,,9556.0,1955.0,4549.0,866.0,5253.0,,1333.0,196.0,145.0,924.0,,9816.0,417.0,1529.0,78.0,2433.0,700.0,82287.0,997.0,,3108.0,3587.0,74049.0,,539.0,71.0,54.0,3191.0,320.0,,,208.0,3716.0,3662.0,1214.0,120.0,7209.0,326.0,420.0,4872.0,49031.0,31.0,617.0,376.0,659.0,174.0,743.0,1181.0,,413.0,1037.0,1598.0,494.0,163.0,,264.0,,954.0,3374.0,128.0,,190.0,117.0,46.0,82.0,7226.0,,54.0,148.0,7768.0,405.0,145.0,511.0,265.0,348.0,24341.0,1355.0,12502.0,8876.0,1413.0,90081.0,3821.0,,266.0,1119.0,3819.0,1807.0,173.0,860.0,862.0,,65.0,523.0,40.0,11869.0,18573.0,317.0,,,2276.0,895.0,,,575.0,73.0,346.0,204.0
2022M08,315.0,42891.0,1403.0,,2430.0,1561.0,5564.0,379.0,2282.0,10781.0,128.0,,141.0,,329.0,,,65.0,4693.0,1313.0,,11545.0,,10092.0,1472.0,4150.0,720.0,3882.0,,1449.0,110.0,60.0,981.0,,7110.0,366.0,974.0,80.0,1954.0,578.0,55175.0,908.0,,2804.0,2341.0,83876.0,36.0,547.0,116.0,62.0,2915.0,140.0,,40.0,231.0,2527.0,3035.0,954.0,90.0,10990.0,473.0,398.0,3822.0,65668.0,41.0,1343.0,171.0,420.0,136.0,600.0,1210.0,,427.0,826.0,1813.0,422.0,134.0,,223.0,,896.0,4570.0,100.0,51.0,176.0,72.0,52.0,54.0,6065.0,40.0,55.0,210.0,5130.0,,103.0,483.0,180.0,320.0,25536.0,1403.0,14069.0,8444.0,680.0,76050.0,3170.0,,267.0,1109.0,3809.0,2131.0,123.0,867.0,482.0,,59.0,334.0,,9461.0,17263.0,321.0,,35.0,1389.0,894.0,,,646.0,86.0,362.0,171.0
2022M09,473.0,47324.0,2294.0,,1685.0,1376.0,5172.0,315.0,2757.0,10088.0,81.0,,95.0,30.0,387.0,,74.0,84.0,4891.0,1691.0,,12794.0,,12468.0,1532.0,3860.0,562.0,3590.0,,2629.0,185.0,,1344.0,,9152.0,366.0,1003.0,72.0,1674.0,998.0,94547.0,761.0,,3114.0,2960.0,53319.0,,582.0,57.0,71.0,2750.0,240.0,,41.0,201.0,2640.0,3644.0,1189.0,61.0,10473.0,488.0,534.0,4091.0,48017.0,,2072.0,151.0,460.0,189.0,471.0,1045.0,,332.0,970.0,1538.0,351.0,149.0,,393.0,,1333.0,3161.0,91.0,,209.0,169.0,35.0,52.0,6389.0,36.0,71.0,220.0,8502.0,434.0,121.0,503.0,267.0,309.0,26811.0,1552.0,13702.0,9444.0,756.0,79422.0,3471.0,,343.0,1367.0,3686.0,2173.0,147.0,882.0,897.0,,47.0,457.0,30.0,9353.0,16007.0,423.0,,42.0,2009.0,605.0,,,828.0,95.0,350.0,201.0
2022M10,875.0,52960.0,2395.0,,1447.0,1822.0,4915.0,327.0,2577.0,10757.0,68.0,31.0,167.0,47.0,328.0,,101.0,82.0,5827.0,2605.0,34.0,11057.0,,12987.0,1799.0,3717.0,499.0,4383.0,,3183.0,241.0,,1553.0,,9554.0,484.0,918.0,120.0,2082.0,692.0,91461.0,924.0,,3507.0,3704.0,81377.0,,595.0,127.0,65.0,3080.0,338.0,,31.0,333.0,3561.0,3733.0,1225.0,66.0,11824.0,360.0,494.0,5227.0,49294.0,,1993.0,137.0,536.0,263.0,422.0,1278.0,42.0,378.0,1184.0,1550.0,312.0,197.0,,448.0,,866.0,3301.0,92.0,31.0,231.0,258.0,38.0,57.0,7512.0,43.0,65.0,328.0,7908.0,366.0,129.0,540.0,334.0,313.0,30099.0,1998.0,18038.0,10211.0,738.0,72894.0,3988.0,,305.0,1250.0,4432.0,2347.0,91.0,784.0,1106.0,,76.0,385.0,40.0,9863.0,21520.0,575.0,32.0,32.0,2167.0,459.0,,55.0,661.0,123.0,383.0,237.0
2022M11,793.0,44773.0,2463.0,,1620.0,1562.0,4357.0,307.0,1231.0,8867.0,78.0,,89.0,,350.0,,81.0,58.0,6016.0,2418.0,,11582.0,,5905.0,1661.0,3422.0,406.0,3093.0,,3466.0,166.0,30.0,1026.0,,5672.0,390.0,803.0,122.0,2095.0,1273.0,57851.0,1064.0,,3064.0,3067.0,74618.0,,594.0,70.0,54.0,4152.0,274.0,,37.0,366.0,3767.0,3544.0,1203.0,49.0,10190.0,229.0,485.0,4884.0,46407.0,,2048.0,113.0,479.0,132.0,281.0,1448.0,,429.0,1605.0,1541.0,259.0,117.0,,469.0,50.0,849.0,2750.0,57.0,39.0,306.0,272.0,,34.0,7066.0,37.0,54.0,179.0,3833.0,,169.0,517.0,338.0,300.0,38248.0,1881.0,15497.0,9978.0,708.0,50565.0,3526.0,,185.0,1276.0,3842.0,2150.0,97.0,894.0,957.0,,59.0,284.0,,10372.0,13532.0,460.0,,,2706.0,613.0,,,392.0,66.0,351.0,162.0
2022M12,623.0,15504.0,2439.0,,1070.0,1692.0,3676.0,229.0,1019.0,6640.0,85.0,,63.0,,291.0,,,40.0,5485.0,1511.0,,6448.0,,3611.0,1011.0,4879.0,353.0,3033.0,,4095.0,130.0,,560.0,,3475.0,344.0,650.0,68.0,2004.0,485.0,32565.0,727.0,,1933.0,1555.0,50246.0,,564.0,75.0,34.0,3327.0,209.0,,40.0,302.0,1660.0,2457.0,692.0,57.0,7975.0,303.0,211.0,4014.0,38952.0,,1649.0,98.0,332.0,116.0,222.0,1117.0,,442.0,1002.0,1041.0,181.0,112.0,,394.0,,795.0,2866.0,47.0,35.0,215.0,197.0,50.0,48.0,6404.0,42.0,46.0,185.0,2450.0,150.0,79.0,540.0,190.0,277.0,26011.0,1662.0,10974.0,9255.0,951.0,33304.0,1570.0,,157.0,435.0,2725.0,1996.0,89.0,553.0,1046.0,,61.0,207.0,,5917.0,9521.0,331.0,,,1781.0,418.0,,,206.0,79.0,430.0,168.0
2023M01,639.0,28235.0,2318.0,,859.0,2206.0,4787.0,390.0,1407.0,9029.0,98.0,,73.0,,415.0,,,60.0,5994.0,1726.0,,10751.0,,4661.0,1129.0,4964.0,335.0,3690.0,,5796.0,199.0,,809.0,35.0,3756.0,367.0,896.0,88.0,1771.0,333.0,26374.0,792.0,,1897.0,1629.0,74468.0,,583.0,105.0,45.0,3552.0,166.0,,55.0,270.0,2795.0,2184.0,635.0,49.0,8204.0,276.0,203.0,3504.0,51635.0,,1857.0,97.0,404.0,89.0,462.0,1244.0,30.0,387.0,1007.0,1410.0,254.0,138.0,,249.0,,855.0,3695.0,38.0,32.0,247.0,293.0,33.0,47.0,5057.0,55.0,52.0,150.0,1763.0,316.0,102.0,522.0,254.0,356.0,32146.0,1273.0,15417.0,8380.0,1037.0,39703.0,2118.0,,257.0,721.0,3243.0,2354.0,127.0,792.0,620.0,,50.0,185.0,,7259.0,13204.0,324.0,,,1863.0,584.0,,,345.0,67.0,546.0,167.0
2023M02,582.0,31772.0,2134.0,,913.0,1517.0,5017.0,240.0,787.0,8942.0,71.0,,62.0,,291.0,,105.0,115.0,6022.0,2434.0,,12197.0,,4349.0,2025.0,4584.0,461.0,3112.0,,4904.0,97.0,,752.0,,5903.0,255.0,777.0,77.0,2184.0,953.0,28793.0,848.0,,1034.0,2168.0,57627.0,,448.0,65.0,108.0,3601.0,124.0,,,193.0,3140.0,2153.0,500.0,53.0,11149.0,243.0,214.0,3976.0,35719.0,,4034.0,102.0,416.0,85.0,383.0,1260.0,,317.0,1384.0,1363.0,229.0,135.0,,218.0,,740.0,2651.0,,,232.0,213.0,,34.0,5177.0,,43.0,122.0,2497.0,,93.0,419.0,271.0,305.0,28021.0,1863.0,15869.0,9566.0,825.0,57916.0,2697.0,,100.0,988.0,3736.0,1692.0,79.0,915.0,513.0,,55.0,160.0,,6544.0,12760.0,344.0,,,2319.0,509.0,,,291.0,61.0,282.0,139.0
2023M03,703.0,43556.0,2387.0,,1368.0,1875.0,6078.0,264.0,1002.0,9873.0,194.0,,81.0,49.0,326.0,,73.0,188.0,6417.0,3065.0,,14949.0,34.0,10055.0,1610.0,8095.0,533.0,4256.0,32.0,5606.0,165.0,40.0,948.0,,5425.0,315.0,636.0,106.0,2441.0,765.0,70537.0,1063.0,,2004.0,2534.0,58257.0,,572.0,118.0,46.0,4345.0,217.0,,35.0,222.0,4545.0,2857.0,970.0,121.0,14219.0,366.0,277.0,3722.0,64851.0,,4806.0,175.0,684.0,151.0,316.0,1764.0,66.0,415.0,1623.0,1578.0,311.0,157.0,35.0,476.0,40.0,768.0,3405.0,37.0,57.0,380.0,204.0,38.0,41.0,7396.0,30.0,46.0,226.0,2847.0,,199.0,377.0,251.0,376.0,31960.0,1585.0,17057.0,9133.0,1157.0,72134.0,4343.0,,138.0,1191.0,4333.0,1865.0,114.0,1029.0,847.0,,79.0,425.0,57.0,8453.0,15205.0,527.0,,,2742.0,603.0,,39.0,372.0,141.0,301.0,136.0
2023M04,855.0,55051.0,2398.0,,564.0,739.0,6495.0,219.0,2200.0,14206.0,63.0,,38.0,,362.0,,,103.0,4940.0,2489.0,,17109.0,,10154.0,1457.0,9194.0,493.0,3499.0,,4336.0,253.0,,1681.0,,7302.0,427.0,434.0,116.0,1625.0,742.0,90535.0,1038.0,,2580.0,2818.0,68211.0,,631.0,89.0,44.0,4407.0,234.0,,,215.0,4211.0,2832.0,910.0,81.0,14856.0,307.0,569.0,4070.0,53784.0,,2791.0,132.0,443.0,162.0,215.0,1579.0,,408.0,1368.0,2002.0,327.0,160.0,30.0,307.0,,867.0,1701.0,37.0,,187.0,145.0,,51.0,7232.0,42.0,49.0,295.0,5732.0,,50.0,315.0,187.0,473.0,28108.0,1651.0,17570.0,10595.0,664.0,90323.0,3736.0,,239.0,1205.0,3814.0,1836.0,88.0,1249.0,782.0,,66.0,420.0,,9071.0,19946.0,738.0,,,3166.0,294.0,,,750.0,62.0,380.0,172.0
2023M05,845.0,51609.0,2639.0,,1450.0,1686.0,8077.0,326.0,3715.0,15181.0,143.0,,120.0,,351.0,,,220.0,6421.0,2784.0,34.0,17346.0,30.0,16943.0,2225.0,7570.0,364.0,3823.0,,4964.0,195.0,33.0,1359.0,,6320.0,467.0,706.0,82.0,2176.0,1319.0,112422.0,1089.0,,3041.0,3066.0,81263.0,,767.0,102.0,122.0,3747.0,221.0,,,219.0,4375.0,3873.0,1306.0,95.0,13358.0,187.0,832.0,5191.0,51073.0,54.0,3551.0,169.0,668.0,154.0,332.0,1796.0,,466.0,1278.0,1774.0,291.0,222.0,,361.0,,772.0,2587.0,74.0,30.0,213.0,213.0,34.0,91.0,7404.0,51.0,63.0,233.0,5587.0,570.0,123.0,403.0,279.0,394.0,38699.0,1567.0,21898.0,11344.0,930.0,96491.0,4606.0,,186.0,1685.0,3774.0,2047.0,112.0,1239.0,892.0,,73.0,504.0,,11420.0,17693.0,590.0,31.0,,2884.0,561.0,,,705.0,102.0,453.0,234.0
2023M06,614.0,50935.0,2177.0,,1302.0,1345.0,6853.0,307.0,4939.0,15041.0,164.0,,88.0,42.0,310.0,,,151.0,7185.0,2080.0,,12104.0,,13122.0,2240.0,9275.0,665.0,4386.0,,4782.0,192.0,,1090.0,,4302.0,408.0,670.0,110.0,2272.0,715.0,136113.0,841.0,,2752.0,3152.0,58411.0,,774.0,100.0,120.0,3391.0,388.0,,,216.0,3130.0,4087.0,1260.0,82.0,16134.0,390.0,583.0,4363.0,48602.0,69.0,3334.0,184.0,1022.0,202.0,380.0,1334.0,,518.0,980.0,2061.0,347.0,180.0,33.0,252.0,33.0,751.0,2026.0,80.0,33.0,183.0,100.0,45.0,63.0,7603.0,33.0,57.0,210.0,7276.0,,119.0,382.0,308.0,402.0,31226.0,1642.0,19904.0,9321.0,845.0,100422.0,2844.0,,226.0,1152.0,3379.0,1950.0,118.0,777.0,889.0,,72.0,570.0,,10896.0,16514.0,506.0,37.0,,2765.0,530.0,,48.0,921.0,91.0,354.0,208.0
2023M07,647.0,50432.0,2486.0,,2516.0,1649.0,6491.0,425.0,7614.0,19909.0,337.0,,200.0,76.0,437.0,,176.0,322.0,7726.0,2572.0,,14135.0,45.0,10965.0,2358.0,11018.0,1219.0,5373.0,,5160.0,320.0,199.0,1240.0,72.0,8635.0,717.0,1806.0,73.0,3691.0,977.0,113722.0,1114.0,,3906.0,3552.0,75039.0,,947.0,118.0,99.0,4807.0,426.0,,,371.0,3404.0,4866.0,1648.0,264.0,12097.0,422.0,592.0,7279.0,55970.0,144.0,3310.0,559.0,1500.0,312.0,352.0,1369.0,36.0,706.0,1568.0,1745.0,662.0,250.0,85.0,530.0,31.0,1257.0,3109.0,164.0,49.0,228.0,174.0,135.0,105.0,8200.0,64.0,94.0,338.0,7993.0,1216.0,291.0,1054.0,309.0,439.0,33195.0,1549.0,22245.0,10168.0,1978.0,99109.0,4930.0,,355.0,1653.0,4668.0,3108.0,171.0,1067.0,1163.0,,73.0,851.0,,12355.0,19109.0,923.0,30.0,,3202.0,894.0,,45.0,1135.0,141.0,611.0,265.0
2023M08,312.0,46759.0,1692.0,71.0,2006.0,1745.0,4871.0,492.0,4117.0,16097.0,338.0,,112.0,67.0,316.0,,138.0,96.0,5068.0,1173.0,,11195.0,38.0,14474.0,1625.0,8093.0,985.0,3666.0,,4624.0,144.0,601.0,919.0,49.0,6117.0,552.0,693.0,97.0,3176.0,665.0,77013.0,776.0,,3240.0,1723.0,89623.0,,660.0,98.0,70.0,2723.0,209.0,31.0,,298.0,2394.0,3207.0,1299.0,99.0,13439.0,372.0,344.0,6794.0,61369.0,103.0,2316.0,225.0,634.0,235.0,360.0,1139.0,,375.0,1286.0,1832.0,396.0,145.0,77.0,183.0,33.0,890.0,3840.0,100.0,,182.0,94.0,158.0,62.0,5579.0,65.0,54.0,286.0,4101.0,748.0,132.0,595.0,159.0,308.0,28017.0,1382.0,19030.0,8302.0,902.0,96573.0,2942.0,37.0,147.0,944.0,3912.0,2888.0,140.0,1147.0,472.0,,69.0,348.0,,10091.0,15184.0,392.0,,45.0,1693.0,737.0,,,890.0,96.0,592.0,208.0
2023M09,585.0,54771.0,2899.0,93.0,1900.0,1635.0,6848.0,482.0,8434.0,18724.0,260.0,45.0,87.0,76.0,351.0,,187.0,183.0,6779.0,2102.0,,14981.0,41.0,16983.0,2583.0,9093.0,941.0,3771.0,,5990.0,222.0,77.0,1681.0,37.0,8055.0,604.0,988.0,116.0,2618.0,1236.0,110810.0,1009.0,,2190.0,3302.0,63791.0,,722.0,122.0,72.0,3134.0,330.0,,,318.0,3037.0,4438.0,1702.0,81.0,13014.0,683.0,412.0,5850.0,57525.0,115.0,6370.0,233.0,660.0,310.0,362.0,1482.0,51.0,477.0,1662.0,1965.0,478.0,158.0,65.0,542.0,33.0,1750.0,2656.0,96.0,,188.0,171.0,108.0,101.0,7020.0,85.0,74.0,201.0,5381.0,1310.0,144.0,691.0,268.0,340.0,27056.0,1632.0,22762.0,9965.0,782.0,84180.0,4470.0,,233.0,1446.0,5562.0,3660.0,159.0,1415.0,729.0,,73.0,548.0,,11335.0,17456.0,665.0,36.0,39.0,2669.0,740.0,,51.0,1260.0,68.0,691.0,294.0
2023M10,1055.0,67115.0,3391.0,78.0,1539.0,1751.0,5735.0,387.0,6559.0,19569.0,320.0,61.0,108.0,84.0,346.0,31.0,,232.0,7362.0,2935.0,,12121.0,36.0,17021.0,2525.0,13228.0,831.0,4912.0,,6761.0,308.0,98.0,1977.0,52.0,10063.0,697.0,1180.0,145.0,2678.0,1078.0,79446.0,1289.0,,2904.0,3817.0,72054.0,,812.0,119.0,53.0,4238.0,369.0,,,391.0,4680.0,6042.0,1883.0,110.0,13177.0,459.0,596.0,4237.0,58982.0,136.0,5743.0,318.0,744.0,339.0,524.0,1571.0,58.0,531.0,1714.0,1983.0,365.0,223.0,64.0,757.0,42.0,1319.0,3049.0,125.0,45.0,204.0,328.0,75.0,139.0,6540.0,75.0,101.0,208.0,6462.0,,164.0,729.0,366.0,433.0,34492.0,1676.0,24778.0,10724.0,927.0,77245.0,5235.0,,381.0,1426.0,5590.0,3279.0,171.0,2089.0,1037.0,,133.0,587.0,,12532.0,23857.0,868.0,36.0,34.0,3638.0,583.0,,35.0,1139.0,75.0,635.0,300.0
2023M11,927.0,45541.0,3355.0,62.0,2009.0,1567.0,4198.0,306.0,4974.0,16521.0,222.0,,67.0,65.0,339.0,,147.0,149.0,7544.0,3064.0,,12445.0,,8623.0,1801.0,7867.0,694.0,3743.0,,5550.0,189.0,56.0,1303.0,51.0,5533.0,487.0,844.0,113.0,1814.0,1871.0,58824.0,1201.0,,2349.0,2835.0,53005.0,,747.0,124.0,66.0,5214.0,450.0,,,347.0,4297.0,3817.0,1719.0,55.0,10983.0,349.0,467.0,1150.0,53252.0,58.0,4582.0,145.0,711.0,291.0,666.0,1641.0,,427.0,2188.0,1994.0,232.0,140.0,56.0,641.0,,1078.0,2596.0,98.0,41.0,327.0,194.0,62.0,104.0,5121.0,94.0,65.0,104.0,3469.0,359.0,170.0,598.0,340.0,297.0,31076.0,1409.0,21653.0,10873.0,718.0,47566.0,4356.0,,203.0,1523.0,5369.0,2821.0,170.0,1990.0,857.0,,81.0,302.0,,11094.0,17221.0,765.0,,,3756.0,506.0,,32.0,529.0,53.0,587.0,217.0
2023M12,863.0,28636.0,3490.0,70.0,1295.0,1851.0,4302.0,309.0,5701.0,13026.0,176.0,,158.0,90.0,347.0,,,271.0,3977.0,2352.0,,8653.0,,5370.0,1351.0,11536.0,595.0,3783.0,,7720.0,178.0,77.0,992.0,53.0,4248.0,521.0,941.0,112.0,2133.0,705.0,39032.0,800.0,,1073.0,2099.0,59455.0,,796.0,111.0,37.0,5449.0,431.0,,,358.0,3109.0,3141.0,819.0,59.0,10502.0,354.0,345.0,1233.0,49341.0,,4706.0,138.0,561.0,172.0,666.0,1396.0,38.0,474.0,1759.0,1743.0,193.0,118.0,41.0,646.0,,1176.0,3049.0,63.0,54.0,238.0,142.0,58.0,52.0,5972.0,75.0,31.0,129.0,2081.0,207.0,99.0,667.0,184.0,228.0,24888.0,1552.0,18816.0,11238.0,915.0,50275.0,2334.0,,177.0,885.0,3916.0,2788.0,205.0,1379.0,1251.0,,84.0,339.0,,6802.0,15927.0,494.0,,,3043.0,504.0,,,373.0,45.0,701.0,213.0
2024M01,806.0,30140.0,3182.0,52.0,1042.0,1929.0,3584.0,458.0,4706.0,19120.0,213.0,,74.0,50.0,361.0,,,139.0,6881.0,2731.0,,10873.0,,6457.0,1815.0,8717.0,486.0,4048.0,,5806.0,242.0,41.0,796.0,33.0,3739.0,550.0,1071.0,102.0,1322.0,790.0,30082.0,1040.0,,794.0,1832.0,87992.0,,1060.0,98.0,,4024.0,252.0,,,381.0,4410.0,2422.0,1200.0,37.0,9374.0,404.0,274.0,1186.0,59847.0,,4126.0,138.0,684.0,228.0,734.0,1193.0,42.0,391.0,1589.0,1761.0,205.0,148.0,,491.0,,842.0,3003.0,58.0,41.0,543.0,301.0,54.0,31.0,3177.0,73.0,47.0,86.0,2399.0,525.0,84.0,933.0,466.0,387.0,29111.0,1030.0,21517.0,11341.0,931.0,35953.0,2537.0,,288.0,1193.0,4055.0,2733.0,177.0,1920.0,820.0,,53.0,244.0,,6485.0,17339.0,675.0,,,2786.0,756.0,,,529.0,89.0,1072.0,361.0
2024M02,834.0,37653.0,3291.0,54.0,1339.0,1558.0,4024.0,274.0,4666.0,15687.0,133.0,,71.0,72.0,346.0,,,75.0,6530.0,2876.0,,12950.0,33.0,5940.0,2123.0,15134.0,538.0,2618.0,,7262.0,135.0,45.0,1080.0,60.0,5437.0,409.0,960.0,77.0,2360.0,1148.0,32966.0,939.0,,702.0,2722.0,63605.0,,732.0,95.0,,4798.0,158.0,,,308.0,3573.0,2639.0,636.0,89.0,13311.0,242.0,308.0,2229.0,47036.0,,7651.0,175.0,500.0,157.0,798.0,1468.0,31.0,463.0,2075.0,1884.0,224.0,95.0,,497.0,,739.0,2631.0,37.0,41.0,151.0,146.0,59.0,,3534.0,63.0,,115.0,3522.0,127.0,167.0,580.0,287.0,262.0,25503.0,1260.0,26989.0,11526.0,1061.0,62235.0,4020.0,,129.0,1194.0,4723.0,2805.0,180.0,1651.0,574.0,,61.0,374.0,,7286.0,20385.0,489.0,,,3553.0,484.0,,,514.0,63.0,561.0,214.0
2024M03,930.0,52470.0,3194.0,64.0,828.0,1130.0,5509.0,369.0,5980.0,17641.0,292.0,,66.0,58.0,398.0,,,133.0,6564.0,3136.0,50.0,12619.0,56.0,11975.0,1696.0,12170.0,567.0,3824.0,,4328.0,183.0,113.0,873.0,85.0,7340.0,575.0,594.0,119.0,1802.0,979.0,62331.0,1096.0,,1875.0,3096.0,70093.0,,1123.0,161.0,,6221.0,232.0,,37.0,296.0,5487.0,3255.0,518.0,73.0,14198.0,605.0,380.0,3146.0,60433.0,,6913.0,147.0,580.0,203.0,411.0,1880.0,53.0,487.0,1925.0,1898.0,266.0,208.0,33.0,722.0,42.0,958.0,2978.0,54.0,40.0,248.0,112.0,38.0,33.0,5472.0,56.0,,182.0,4156.0,163.0,107.0,656.0,204.0,317.0,28628.0,1276.0,31222.0,10257.0,984.0,75050.0,5367.0,,226.0,2047.0,4776.0,3330.0,196.0,1692.0,837.0,,100.0,362.0,,10166.0,24892.0,591.0,45.0,,3426.0,384.0,,37.0,647.0,108.0,526.0,240.0
2024M04,1082.0,58026.0,3293.0,65.0,1281.0,978.0,6436.0,310.0,7008.0,18336.0,215.0,,82.0,129.0,353.0,,,191.0,7065.0,3081.0,,16913.0,41.0,10940.0,1664.0,13790.0,596.0,4024.0,,5085.0,261.0,39.0,2252.0,64.0,9209.0,674.0,587.0,130.0,2581.0,871.0,61849.0,1166.0,,2700.0,4081.0,87331.0,,820.0,145.0,,4140.0,270.0,,,393.0,4799.0,3966.0,617.0,76.0,16115.0,558.0,782.0,4765.0,60675.0,,6455.0,176.0,389.0,196.0,364.0,1499.0,,499.0,2016.0,2282.0,364.0,150.0,33.0,479.0,39.0,1041.0,2889.0,56.0,52.0,161.0,122.0,49.0,65.0,4853.0,66.0,56.0,299.0,7581.0,545.0,131.0,679.0,213.0,456.0,28952.0,1210.0,30551.0,12138.0,1311.0,95108.0,5385.0,,236.0,1536.0,5316.0,3595.0,190.0,1738.0,859.0,,96.0,519.0,,11254.0,32036.0,1184.0,38.0,,4881.0,447.0,,,733.0,91.0,600.0,290.0
2024M05,802.0,58651.0,2386.0,32.0,1256.0,1721.0,7624.0,374.0,6742.0,25168.0,254.0,,111.0,184.0,483.0,,263.0,308.0,8329.0,2920.0,,15570.0,41.0,17509.0,2360.0,13696.0,607.0,5135.0,,5707.0,297.0,47.0,1942.0,74.0,8042.0,764.0,784.0,139.0,2197.0,1705.0,124486.0,1085.0,,4830.0,3015.0,92015.0,,943.0,175.0,,5020.0,367.0,,,433.0,3711.0,5735.0,855.0,63.0,15163.0,352.0,666.0,3606.0,61904.0,114.0,6346.0,177.0,618.0,284.0,530.0,1581.0,38.0,622.0,1675.0,1933.0,386.0,247.0,58.0,526.0,30.0,925.0,4102.0,113.0,48.0,171.0,190.0,70.0,132.0,4902.0,79.0,45.0,392.0,5173.0,806.0,133.0,940.0,269.0,416.0,37766.0,1348.0,21726.0,9075.0,1135.0,102531.0,5544.0,,261.0,1518.0,4659.0,3485.0,220.0,1714.0,1092.0,,132.0,407.0,,11694.0,29543.0,788.0,52.0,48.0,3303.0,741.0,,50.0,890.0,124.0,696.0,306.0
2024M06,571.0,53598.0,2519.0,41.0,2606.0,1422.0,7870.0,422.0,7461.0,27258.0,326.0,,130.0,205.0,365.0,,224.0,129.0,8330.0,2546.0,34.0,13145.0,34.0,16609.0,2339.0,14021.0,692.0,5148.0,,5031.0,288.0,47.0,1646.0,98.0,6743.0,764.0,1556.0,168.0,3129.0,765.0,134260.0,881.0,,6316.0,3476.0,70124.0,,980.0,153.0,88.0,3595.0,466.0,,30.0,404.0,3061.0,6602.0,795.0,164.0,16503.0,588.0,623.0,4457.0,57804.0,99.0,5727.0,382.0,1100.0,323.0,1078.0,1428.0,35.0,639.0,1358.0,2269.0,395.0,155.0,62.0,533.0,39.0,927.0,3034.0,105.0,34.0,192.0,107.0,137.0,93.0,5775.0,78.0,84.0,376.0,5633.0,1202.0,173.0,909.0,343.0,386.0,31176.0,1307.0,22410.0,10611.0,1247.0,105644.0,3785.0,,347.0,1215.0,4163.0,3781.0,214.0,977.0,1271.0,,105.0,929.0,,11080.0,27279.0,608.0,83.0,,4594.0,749.0,,40.0,930.0,121.0,698.0,302.0
2024M07,540.0,48570.0,2124.0,58.0,2849.0,2041.0,7908.0,552.0,6550.0,30483.0,354.0,,227.0,238.0,424.0,,274.0,153.0,10169.0,1861.0,31.0,15099.0,55.0,17313.0,2304.0,16725.0,1151.0,5718.0,,5333.0,344.0,261.0,1305.0,88.0,8687.0,817.0,1688.0,216.0,3439.0,794.0,107642.0,806.0,,6483.0,3139.0,82738.0,,1069.0,196.0,96.0,3329.0,403.0,,,520.0,3653.0,5618.0,910.0,115.0,13075.0,782.0,499.0,4463.0,60387.0,207.0,4435.0,503.0,1139.0,301.0,986.0,1430.0,49.0,663.0,1092.0,2327.0,561.0,139.0,71.0,542.0,,1052.0,3113.0,145.0,44.0,213.0,140.0,142.0,119.0,6374.0,112.0,80.0,372.0,7466.0,1334.0,161.0,1058.0,325.0,505.0,32031.0,1475.0,33211.0,9270.0,1672.0,102419.0,3543.0,36.0,423.0,1166.0,3964.0,3954.0,235.0,919.0,980.0,,152.0,681.0,,11693.0,29079.0,767.0,39.0,,3556.0,1189.0,,48.0,1278.0,139.0,645.0,355.0
2024M08,411.0,55475.0,1518.0,59.0,2438.0,2215.0,7439.0,583.0,8549.0,27312.0,409.0,30.0,196.0,188.0,322.0,33.0,,105.0,6784.0,1273.0,,14437.0,56.0,15929.0,1906.0,16274.0,1288.0,4309.0,,5444.0,194.0,183.0,1381.0,81.0,6846.0,746.0,864.0,205.0,2624.0,545.0,80835.0,774.0,,5555.0,1860.0,116106.0,,1042.0,148.0,92.0,3363.0,246.0,,,418.0,3063.0,5246.0,690.0,189.0,13450.0,643.0,437.0,4362.0,76841.0,131.0,6429.0,311.0,915.0,276.0,1512.0,1203.0,51.0,638.0,917.0,2273.0,480.0,102.0,112.0,283.0,50.0,826.0,5511.0,178.0,49.0,236.0,116.0,157.0,86.0,4697.0,85.0,100.0,470.0,4378.0,838.0,118.0,998.0,207.0,449.0,39405.0,1502.0,23245.0,9259.0,1380.0,112384.0,2788.0,60.0,285.0,884.0,4253.0,3779.0,279.0,800.0,639.0,,93.0,464.0,,9801.0,28631.0,511.0,35.0,37.0,2536.0,909.0,,53.0,1038.0,99.0,713.0,262.0
2024M09,735.0,54580.0,2407.0,49.0,2050.0,1971.0,7502.0,514.0,9036.0,23891.0,310.0,,132.0,164.0,349.0,,241.0,168.0,7422.0,2148.0,,14330.0,40.0,19928.0,2201.0,13153.0,775.0,3915.0,,7652.0,303.0,70.0,2223.0,62.0,8638.0,772.0,1217.0,171.0,2416.0,1040.0,115470.0,710.0,,5881.0,2956.0,66775.0,,937.0,125.0,67.0,3034.0,362.0,,38.0,428.0,3023.0,5894.0,749.0,372.0,12755.0,1300.0,503.0,4563.0,58851.0,102.0,8233.0,346.0,1034.0,254.0,987.0,1282.0,83.0,717.0,1049.0,2012.0,477.0,192.0,65.0,501.0,37.0,998.0,3806.0,116.0,43.0,183.0,161.0,109.0,120.0,5458.0,122.0,81.0,324.0,5196.0,1349.0,145.0,968.0,274.0,444.0,27904.0,1316.0,24947.0,8758.0,1091.0,84117.0,3513.0,,300.0,1085.0,4352.0,3925.0,219.0,1184.0,905.0,31.0,127.0,566.0,,9143.0,28933.0,660.0,46.0,32.0,2991.0,720.0,,59.0,1143.0,106.0,741.0,317.0
